{"v":"5.6.5","fr":30,"ip":0,"op":51,"w":512,"h":512,"nm":"Thank you","ddd":0,"assets":[],"layers":[{"ddd":0,"ind":1,"ty":4,"nm":"Layer 5 Outlines","sr":1,"ks":{"o":{"a":1,"k":[{"i":{"x":[0],"y":[1.006]},"o":{"x":[1],"y":[-0.013]},"t":19,"s":[0]},{"t":22,"s":[100]}],"ix":11},"r":{"a":0,"k":0,"ix":10},"p":{"a":0,"k":[254,199.568,0],"ix":2},"a":{"a":0,"k":[70.143,35.278,0],"ix":1},"s":{"a":0,"k":[100,100,100],"ix":6}},"ao":0,"shapes":[{"ty":"gr","it":[{"ind":0,"ty":"sh","ix":1,"ks":{"a":0,"k":{"i":[[0,0],[0,0],[0,0],[0,0]],"o":[[0,0],[0,0],[0,0],[0,0]],"v":[[-3.544,6.8],[3.544,6.8],[3.544,13.097],[-3.544,13.097]],"c":true},"ix":2},"nm":"Path 1","mn":"ADBE Vector Shape - Group","hd":false},{"ind":1,"ty":"sh","ix":2,"ks":{"a":0,"k":{"i":[[0,0],[0,0],[0,0],[0,0],[0,0],[0,0]],"o":[[0,0],[0,0],[0,0],[0,0],[0,0],[0,0]],"v":[[-3.905,-10.398],[-3.905,-13.097],[3.905,-13.097],[3.905,-10.398],[1.781,4.498],[-1.781,4.498]],"c":true},"ix":2},"nm":"Path 2","mn":"ADBE Vector Shape - Group","hd":false},{"ty":"fl","c":{"a":0,"k":[0.156999999402,0.156999999402,0.156999999402,1],"ix":4},"o":{"a":0,"k":100,"ix":5},"r":1,"bm":0,"nm":"Fill 1","mn":"ADBE Vector Graphic - Fill","hd":false},{"ty":"tr","p":{"a":0,"k":[112.114,56.704],"ix":2},"a":{"a":0,"k":[0,0],"ix":1},"s":{"a":0,"k":[100,100],"ix":3},"r":{"a":0,"k":0,"ix":6},"o":{"a":0,"k":100,"ix":7},"sk":{"a":0,"k":0,"ix":4},"sa":{"a":0,"k":0,"ix":5},"nm":"Transform"}],"nm":"Group 1","np":3,"cix":2,"bm":0,"ix":1,"mn":"ADBE Vector Group","hd":false},{"ty":"gr","it":[{"ind":0,"ty":"sh","ix":1,"ks":{"a":0,"k":{"i":[[0,8.096],[0,0],[0,0],[0,0],[-3.059,0],[0,3.742],[0,0],[0,0],[0,0],[7.34,0]],"o":[[0,0],[0,0],[0,0],[0,3.886],[3.058,0],[0,0],[0,0],[0,0],[0,8.348],[-7.341,0]],"v":[[-12.018,1.421],[-12.018,-13.331],[-5.001,-13.331],[-5.001,1.277],[0,7.034],[5.002,1.493],[5.002,-13.331],[12.018,-13.331],[12.018,1.241],[-0.072,13.331]],"c":true},"ix":2},"nm":"Path 1","mn":"ADBE Vector Shape - Group","hd":false},{"ty":"fl","c":{"a":0,"k":[0.156999999402,0.156999999402,0.156999999402,1],"ix":4},"o":{"a":0,"k":100,"ix":5},"r":1,"bm":0,"nm":"Fill 1","mn":"ADBE Vector Graphic - Fill","hd":false},{"ty":"tr","p":{"a":0,"k":[91.588,56.939],"ix":2},"a":{"a":0,"k":[0,0],"ix":1},"s":{"a":0,"k":[100,100],"ix":3},"r":{"a":0,"k":0,"ix":6},"o":{"a":0,"k":100,"ix":7},"sk":{"a":0,"k":0,"ix":4},"sa":{"a":0,"k":0,"ix":5},"nm":"Transform"}],"nm":"Group 2","np":2,"cix":2,"bm":0,"ix":2,"mn":"ADBE Vector Group","hd":false},{"ty":"gr","it":[{"ind":0,"ty":"sh","ix":1,"ks":{"a":0,"k":{"i":[[0,3.922],[0,0],[4.137,0],[0,-3.922],[0,0],[-4.138,0]],"o":[[0,0],[0,-3.922],[-4.102,0],[0,0],[0,3.922],[4.138,0]],"v":[[6.908,0.072],[6.908,0],[-0.036,-7.304],[-6.909,-0.072],[-6.909,0],[0.036,7.304]],"c":true},"ix":2},"nm":"Path 1","mn":"ADBE Vector Shape - Group","hd":false},{"ind":1,"ty":"sh","ix":2,"ks":{"a":0,"k":{"i":[[0,7.52],[0,0],[-8.097,0],[0,-7.52],[0,0],[8.095,0]],"o":[[0,0],[0,-7.52],[8.096,0],[0,0],[0,7.52],[-8.096,0]],"v":[[-14.069,0.072],[-14.069,0],[0.036,-13.601],[14.069,-0.072],[14.069,0],[-0.036,13.601]],"c":true},"ix":2},"nm":"Path 2","mn":"ADBE Vector Shape - Group","hd":false},{"ty":"fl","c":{"a":0,"k":[0.156999999402,0.156999999402,0.156999999402,1],"ix":4},"o":{"a":0,"k":100,"ix":5},"r":1,"bm":0,"nm":"Fill 1","mn":"ADBE Vector Graphic - Fill","hd":false},{"ty":"tr","p":{"a":0,"k":[61.508,56.705],"ix":2},"a":{"a":0,"k":[0,0],"ix":1},"s":{"a":0,"k":[100,100],"ix":3},"r":{"a":0,"k":0,"ix":6},"o":{"a":0,"k":100,"ix":7},"sk":{"a":0,"k":0,"ix":4},"sa":{"a":0,"k":0,"ix":5},"nm":"Transform"}],"nm":"Group 3","np":3,"cix":2,"bm":0,"ix":3,"mn":"ADBE Vector Group","hd":false},{"ty":"gr","it":[{"ind":0,"ty":"sh","ix":1,"ks":{"a":0,"k":{"i":[[0,0],[0,0],[0,0],[0,0],[0,0],[0,0],[0,0],[0,0],[0,0]],"o":[[0,0],[0,0],[0,0],[0,0],[0,0],[0,0],[0,0],[0,0],[0,0]],"v":[[-3.472,3.202],[-13.475,-13.097],[-5.523,-13.097],[0.018,-3.347],[5.667,-13.097],[13.475,-13.097],[3.472,3.058],[3.472,13.097],[-3.472,13.097]],"c":true},"ix":2},"nm":"Path 1","mn":"ADBE Vector Shape - Group","hd":false},{"ty":"fl","c":{"a":0,"k":[0.156999999402,0.156999999402,0.156999999402,1],"ix":4},"o":{"a":0,"k":100,"ix":5},"r":1,"bm":0,"nm":"Fill 1","mn":"ADBE Vector Graphic - Fill","hd":false},{"ty":"tr","p":{"a":0,"k":[34.54,56.705],"ix":2},"a":{"a":0,"k":[0,0],"ix":1},"s":{"a":0,"k":[100,100],"ix":3},"r":{"a":0,"k":0,"ix":6},"o":{"a":0,"k":100,"ix":7},"sk":{"a":0,"k":0,"ix":4},"sa":{"a":0,"k":0,"ix":5},"nm":"Transform"}],"nm":"Group 4","np":2,"cix":2,"bm":0,"ix":4,"mn":"ADBE Vector Group","hd":false},{"ty":"gr","it":[{"ind":0,"ty":"sh","ix":1,"ks":{"a":0,"k":{"i":[[0,0],[0,0],[0,0],[0,0],[0,0],[0,0],[0,0],[0,0],[0,0],[0,0],[0,0],[0,0]],"o":[[0,0],[0,0],[0,0],[0,0],[0,0],[0,0],[0,0],[0,0],[0,0],[0,0],[0,0],[0,0]],"v":[[-12.467,-13.097],[-5.524,-13.097],[-5.524,-2.303],[3.796,-13.097],[12.106,-13.097],[2.033,-1.871],[12.467,13.097],[4.119,13.097],[-2.789,3.094],[-5.524,6.045],[-5.524,13.097],[-12.467,13.097]],"c":true},"ix":2},"nm":"Path 1","mn":"ADBE Vector Shape - Group","hd":false},{"ty":"fl","c":{"a":0,"k":[0.156999999402,0.156999999402,0.156999999402,1],"ix":4},"o":{"a":0,"k":100,"ix":5},"r":1,"bm":0,"nm":"Fill 1","mn":"ADBE Vector Graphic - Fill","hd":false},{"ty":"tr","p":{"a":0,"k":[127.568,13.527],"ix":2},"a":{"a":0,"k":[0,0],"ix":1},"s":{"a":0,"k":[100,100],"ix":3},"r":{"a":0,"k":0,"ix":6},"o":{"a":0,"k":100,"ix":7},"sk":{"a":0,"k":0,"ix":4},"sa":{"a":0,"k":0,"ix":5},"nm":"Transform"}],"nm":"Group 5","np":2,"cix":2,"bm":0,"ix":5,"mn":"ADBE Vector Group","hd":false},{"ty":"gr","it":[{"ind":0,"ty":"sh","ix":1,"ks":{"a":0,"k":{"i":[[0,0],[0,0],[0,0],[0,0],[0,0],[0,0],[0,0],[0,0],[0,0],[0,0]],"o":[[0,0],[0,0],[0,0],[0,0],[0,0],[0,0],[0,0],[0,0],[0,0],[0,0]],"v":[[-12.215,-13.097],[-5.739,-13.097],[5.343,1.187],[5.343,-13.097],[12.215,-13.097],[12.215,13.097],[6.17,13.097],[-5.344,-1.727],[-5.344,13.097],[-12.215,13.097]],"c":true},"ix":2},"nm":"Path 1","mn":"ADBE Vector Shape - Group","hd":false},{"ty":"fl","c":{"a":0,"k":[0.156999999402,0.156999999402,0.156999999402,1],"ix":4},"o":{"a":0,"k":100,"ix":5},"r":1,"bm":0,"nm":"Fill 1","mn":"ADBE Vector Graphic - Fill","hd":false},{"ty":"tr","p":{"a":0,"k":[97.632,13.527],"ix":2},"a":{"a":0,"k":[0,0],"ix":1},"s":{"a":0,"k":[100,100],"ix":3},"r":{"a":0,"k":0,"ix":6},"o":{"a":0,"k":100,"ix":7},"sk":{"a":0,"k":0,"ix":4},"sa":{"a":0,"k":0,"ix":5},"nm":"Transform"}],"nm":"Group 6","np":2,"cix":2,"bm":0,"ix":6,"mn":"ADBE Vector Group","hd":false},{"ty":"gr","it":[{"ind":0,"ty":"sh","ix":1,"ks":{"a":0,"k":{"i":[[0,0],[0,0],[0,0]],"o":[[0,0],[0,0],[0,0]],"v":[[2.969,2.717],[-0.053,-4.911],[-3.113,2.717]],"c":true},"ix":2},"nm":"Path 1","mn":"ADBE Vector Shape - Group","hd":false},{"ind":1,"ty":"sh","ix":2,"ks":{"a":0,"k":{"i":[[0,0],[0,0],[0,0],[0,0],[0,0],[0,0],[0,0],[0,0]],"o":[[0,0],[0,0],[0,0],[0,0],[0,0],[0,0],[0,0],[0,0]],"v":[[-3.329,-13.187],[3.329,-13.187],[14.482,13.187],[7.071,13.187],[5.092,8.258],[-5.235,8.258],[-7.215,13.187],[-14.482,13.187]],"c":true},"ix":2},"nm":"Path 2","mn":"ADBE Vector Shape - Group","hd":false},{"ty":"fl","c":{"a":0,"k":[0.156999999402,0.156999999402,0.156999999402,1],"ix":4},"o":{"a":0,"k":100,"ix":5},"r":1,"bm":0,"nm":"Fill 1","mn":"ADBE Vector Graphic - Fill","hd":false},{"ty":"tr","p":{"a":0,"k":[67.768,13.437],"ix":2},"a":{"a":0,"k":[0,0],"ix":1},"s":{"a":0,"k":[100,100],"ix":3},"r":{"a":0,"k":0,"ix":6},"o":{"a":0,"k":100,"ix":7},"sk":{"a":0,"k":0,"ix":4},"sa":{"a":0,"k":0,"ix":5},"nm":"Transform"}],"nm":"Group 7","np":3,"cix":2,"bm":0,"ix":7,"mn":"ADBE Vector Group","hd":false},{"ty":"gr","it":[{"ind":0,"ty":"sh","ix":1,"ks":{"a":0,"k":{"i":[[0,0],[0,0],[0,0],[0,0],[0,0],[0,0],[0,0],[0,0],[0,0],[0,0],[0,0],[0,0]],"o":[[0,0],[0,0],[0,0],[0,0],[0,0],[0,0],[0,0],[0,0],[0,0],[0,0],[0,0],[0,0]],"v":[[-11.748,-13.097],[-4.804,-13.097],[-4.804,-3.166],[4.804,-3.166],[4.804,-13.097],[11.748,-13.097],[11.748,13.097],[4.804,13.097],[4.804,3.023],[-4.804,3.023],[-4.804,13.097],[-11.748,13.097]],"c":true},"ix":2},"nm":"Path 1","mn":"ADBE Vector Shape - Group","hd":false},{"ty":"fl","c":{"a":0,"k":[0.156999999402,0.156999999402,0.156999999402,1],"ix":4},"o":{"a":0,"k":100,"ix":5},"r":1,"bm":0,"nm":"Fill 1","mn":"ADBE Vector Graphic - Fill","hd":false},{"ty":"tr","p":{"a":0,"k":[38.407,13.527],"ix":2},"a":{"a":0,"k":[0,0],"ix":1},"s":{"a":0,"k":[100,100],"ix":3},"r":{"a":0,"k":0,"ix":6},"o":{"a":0,"k":100,"ix":7},"sk":{"a":0,"k":0,"ix":4},"sa":{"a":0,"k":0,"ix":5},"nm":"Transform"}],"nm":"Group 8","np":2,"cix":2,"bm":0,"ix":8,"mn":"ADBE Vector Group","hd":false},{"ty":"gr","it":[{"ind":0,"ty":"sh","ix":1,"ks":{"a":0,"k":{"i":[[0,0],[0,0],[0,0],[0,0],[0,0],[0,0],[0,0],[0,0]],"o":[[0,0],[0,0],[0,0],[0,0],[0,0],[0,0],[0,0],[0,0]],"v":[[-3.49,-6.945],[-11.334,-6.945],[-11.334,-13.097],[11.334,-13.097],[11.334,-6.945],[3.49,-6.945],[3.49,13.097],[-3.49,13.097]],"c":true},"ix":2},"nm":"Path 1","mn":"ADBE Vector Shape - Group","hd":false},{"ty":"fl","c":{"a":0,"k":[0.156999999402,0.156999999402,0.156999999402,1],"ix":4},"o":{"a":0,"k":100,"ix":5},"r":1,"bm":0,"nm":"Fill 1","mn":"ADBE Vector Graphic - Fill","hd":false},{"ty":"tr","p":{"a":0,"k":[11.584,13.528],"ix":2},"a":{"a":0,"k":[0,0],"ix":1},"s":{"a":0,"k":[100,100],"ix":3},"r":{"a":0,"k":0,"ix":6},"o":{"a":0,"k":100,"ix":7},"sk":{"a":0,"k":0,"ix":4},"sa":{"a":0,"k":0,"ix":5},"nm":"Transform"}],"nm":"Group 9","np":2,"cix":2,"bm":0,"ix":9,"mn":"ADBE Vector Group","hd":false}],"ip":-3,"op":1811,"st":7,"bm":0},{"ddd":0,"ind":2,"ty":4,"nm":"Layer 6 Outlines 2","sr":1,"ks":{"o":{"a":1,"k":[{"i":{"x":[0],"y":[1.113]},"o":{"x":[0.333],"y":[0]},"t":7,"s":[100]},{"t":14,"s":[0]}],"ix":11},"r":{"a":0,"k":0,"ix":10},"p":{"a":0,"k":[252,225.894,0],"ix":2},"a":{"a":0,"k":[142.902,155.602,0],"ix":1},"s":{"a":0,"k":[100,-95.51,100],"ix":6}},"ao":0,"shapes":[{"ty":"gr","it":[{"ind":0,"ty":"sh","ix":1,"ks":{"a":1,"k":[{"i":{"x":0.667,"y":1},"o":{"x":0.333,"y":0},"t":7,"s":[{"i":[[-0.815,-1.33],[0,0],[0,1.599],[1.618,1.617],[0,0],[2.287,0],[1.615,-1.615],[0,0],[0,-2.286]],"o":[[0,0],[0.815,-1.33],[0,-2.286],[0,0],[-1.616,-1.614],[-2.288,0],[0,0],[-1.617,1.617],[0,1.599]],"v":[[-130.518,68.112],[130.519,68.112],[131.768,63.654],[129.261,57.6],[6.053,-65.608],[-0.001,-68.113],[-6.054,-65.608],[-129.261,57.6],[-131.768,63.654]],"c":true}]},{"t":14,"s":[{"i":[[-0.815,-1.33],[0,0],[0,1.599],[1.618,1.617],[0,0],[2.287,0],[2.304,-0.85],[0,0],[0,-2.286]],"o":[[0,0],[0.815,-1.33],[0,-2.286],[0,0],[-1.802,-0.191],[-2.288,0],[0,0],[-1.617,1.617],[0,1.599]],"v":[[-130.518,68.112],[130.519,68.112],[131.768,63.654],[129.261,57.6],[6.053,56.167],[-0.063,54.98],[-6.054,56.168],[-129.261,57.6],[-131.768,63.654]],"c":true}]}],"ix":2},"nm":"Path 1","mn":"ADBE Vector Shape - Group","hd":false},{"ind":1,"ty":"sh","ix":2,"ks":{"a":1,"k":[{"i":{"x":0.667,"y":1},"o":{"x":0.333,"y":0},"t":7,"s":[{"i":[[0,0],[0,0],[0,0],[0,5.193],[-3.673,3.673],[0,0],[-5.193,0],[-4.498,-3.52],[0,0],[0,-5.193],[3.672,-3.672]],"o":[[0,0],[0,0],[-3.673,-3.672],[0,-5.193],[0,0],[6.249,-2.863],[5.193,0],[0,0],[3.672,3.673],[0,5.193],[0,0]],"v":[[135.362,78.996],[-135.362,78.996],[-136.955,77.401],[-142.652,63.654],[-136.955,49.905],[-14.999,-75.936],[-0.876,-82.204],[12.499,-75.938],[136.956,49.905],[142.651,63.654],[136.956,77.401]],"c":true}]},{"t":14,"s":[{"i":[[0,0],[0,0],[0,0],[0,5.193],[-3.673,3.673],[0,0],[-5.193,0],[-3.998,-0.147],[0,0],[0,-5.193],[3.672,-3.672]],"o":[[0,0],[0,0],[-3.673,-3.672],[0,-5.193],[0,0],[4.999,-0.23],[5.193,0],[0,0],[3.672,3.673],[0,5.193],[0,0]],"v":[[135.362,78.996],[-135.362,78.996],[-136.955,77.401],[-142.652,63.654],[-136.955,49.905],[-13.749,48.472],[0.124,48.128],[13.748,48.471],[136.956,49.905],[142.651,63.654],[136.956,77.401]],"c":true}]}],"ix":2},"nm":"Path 2","mn":"ADBE Vector Shape - Group","hd":false},{"ty":"fl","c":{"a":0,"k":[0.156999999402,0.156999999402,0.156999999402,1],"ix":4},"o":{"a":0,"k":100,"ix":5},"r":1,"bm":0,"nm":"Fill 1","mn":"ADBE Vector Graphic - Fill","hd":false},{"ty":"tr","p":{"a":0,"k":[142.901,79.246],"ix":2},"a":{"a":0,"k":[0,0],"ix":1},"s":{"a":0,"k":[100,100],"ix":3},"r":{"a":0,"k":0,"ix":6},"o":{"a":0,"k":100,"ix":7},"sk":{"a":0,"k":0,"ix":4},"sa":{"a":0,"k":0,"ix":5},"nm":"Transform"}],"nm":"Group 1","np":3,"cix":2,"bm":0,"ix":1,"mn":"ADBE Vector Group","hd":false}],"ip":-3,"op":1811,"st":7,"bm":0},{"ddd":0,"ind":3,"ty":4,"nm":"Layer 7 Outlines 2","sr":1,"ks":{"o":{"a":1,"k":[{"i":{"x":[0.667],"y":[1]},"o":{"x":[0.333],"y":[0]},"t":7,"s":[100]},{"t":14,"s":[0]}],"ix":11},"r":{"a":0,"k":0,"ix":10},"p":{"a":0,"k":[253,228.211,0],"ix":2},"a":{"a":0,"k":[139.827,148.212,0],"ix":1},"s":{"a":0,"k":[100,-97.106,100],"ix":6}},"ao":0,"shapes":[{"ty":"gr","it":[{"ind":0,"ty":"sh","ix":1,"ks":{"a":1,"k":[{"i":{"x":0.667,"y":1},"o":{"x":0.333,"y":0},"t":7,"s":[{"i":[[5.468,5.469],[0,0],[5.468,-5.466],[0,0],[-5.468,-5.469],[0,0]],"o":[[0,0],[-5.469,-5.466],[0,0],[-5.468,5.469],[0,0],[5.468,-5.469]],"v":[[133.109,54.437],[9.901,-68.772],[-9.901,-68.772],[-133.108,54.437],[-133.108,74.238],[133.109,74.238]],"c":true}]},{"t":14,"s":[{"i":[[5.468,5.469],[0,0],[9.339,-0.231],[0,0],[-5.468,-5.469],[0,0]],"o":[[0,0],[-6.025,0.262],[0,0],[-5.468,5.469],[0,0],[5.468,-5.469]],"v":[[133.109,54.437],[9.901,53.662],[-9.901,53.662],[-133.108,54.437],[-133.108,74.238],[133.109,74.238]],"c":true}]}],"ix":2},"nm":"Path 1","mn":"ADBE Vector Shape - Group","hd":false},{"ty":"fl","c":{"a":0,"k":[0.925,0.475,0.388000009574,1],"ix":4},"o":{"a":0,"k":100,"ix":5},"r":1,"bm":0,"nm":"Fill 1","mn":"ADBE Vector Graphic - Fill","hd":false},{"ty":"tr","p":{"a":0,"k":[138.826,74.488],"ix":2},"a":{"a":0,"k":[0,0],"ix":1},"s":{"a":0,"k":[100,100],"ix":3},"r":{"a":0,"k":0,"ix":6},"o":{"a":0,"k":100,"ix":7},"sk":{"a":0,"k":0,"ix":4},"sa":{"a":0,"k":0,"ix":5},"nm":"Transform"}],"nm":"Group 1","np":2,"cix":2,"bm":0,"ix":1,"mn":"ADBE Vector Group","hd":false}],"ip":-3,"op":1811,"st":7,"bm":0},{"ddd":0,"ind":4,"ty":4,"nm":"Layer 6 Outlines","sr":1,"ks":{"o":{"a":0,"k":100,"ix":11},"r":{"a":0,"k":0,"ix":10},"p":{"a":0,"k":[254,345.894,0],"ix":2},"a":{"a":0,"k":[142.902,79.245,0],"ix":1},"s":{"a":0,"k":[100,100,100],"ix":6}},"ao":0,"shapes":[{"ty":"gr","it":[{"ind":0,"ty":"sh","ix":1,"ks":{"a":0,"k":{"i":[[-0.815,-1.33],[0,0],[0,1.599],[1.618,1.617],[0,0],[2.287,0],[1.615,-1.615],[0,0],[0,-2.286]],"o":[[0,0],[0.815,-1.33],[0,-2.286],[0,0],[-1.616,-1.614],[-2.288,0],[0,0],[-1.617,1.617],[0,1.599]],"v":[[-130.518,68.112],[130.519,68.112],[131.768,63.654],[129.261,57.6],[6.053,-65.608],[-0.001,-68.113],[-6.054,-65.608],[-129.261,57.6],[-131.768,63.654]],"c":true},"ix":2},"nm":"Path 1","mn":"ADBE Vector Shape - Group","hd":false},{"ind":1,"ty":"sh","ix":2,"ks":{"a":0,"k":{"i":[[0,0],[0,0],[0,0],[0,5.193],[-3.673,3.673],[0,0],[-5.193,0],[-3.674,-3.671],[0,0],[0,-5.193],[3.672,-3.672]],"o":[[0,0],[0,0],[-3.673,-3.672],[0,-5.193],[0,0],[3.671,-3.672],[5.193,0],[0,0],[3.672,3.673],[0,5.193],[0,0]],"v":[[135.362,78.996],[-135.362,78.996],[-136.955,77.401],[-142.652,63.654],[-136.955,49.905],[-13.749,-73.303],[-0.001,-78.996],[13.748,-73.305],[136.956,49.905],[142.651,63.654],[136.956,77.401]],"c":true},"ix":2},"nm":"Path 2","mn":"ADBE Vector Shape - Group","hd":false},{"ty":"fl","c":{"a":0,"k":[0.156999999402,0.156999999402,0.156999999402,1],"ix":4},"o":{"a":0,"k":100,"ix":5},"r":1,"bm":0,"nm":"Fill 1","mn":"ADBE Vector Graphic - Fill","hd":false},{"ty":"tr","p":{"a":0,"k":[142.901,79.246],"ix":2},"a":{"a":0,"k":[0,0],"ix":1},"s":{"a":0,"k":[100,100],"ix":3},"r":{"a":0,"k":0,"ix":6},"o":{"a":0,"k":100,"ix":7},"sk":{"a":0,"k":0,"ix":4},"sa":{"a":0,"k":0,"ix":5},"nm":"Transform"}],"nm":"Group 1","np":3,"cix":2,"bm":0,"ix":1,"mn":"ADBE Vector Group","hd":false}],"ip":-3,"op":1811,"st":7,"bm":0},{"ddd":0,"ind":5,"ty":4,"nm":"Layer 7 Outlines","sr":1,"ks":{"o":{"a":0,"k":100,"ix":11},"r":{"a":0,"k":0,"ix":10},"p":{"a":0,"k":[254,345.211,0],"ix":2},"a":{"a":0,"k":[138.827,74.488,0],"ix":1},"s":{"a":0,"k":[100,100,100],"ix":6}},"ao":0,"shapes":[{"ty":"gr","it":[{"ind":0,"ty":"sh","ix":1,"ks":{"a":0,"k":{"i":[[5.468,5.469],[0,0],[5.468,-5.466],[0,0],[-5.468,-5.469],[0,0]],"o":[[0,0],[-5.469,-5.466],[0,0],[-5.468,5.469],[0,0],[5.468,-5.469]],"v":[[133.109,54.437],[9.901,-68.772],[-9.901,-68.772],[-133.108,54.437],[-133.108,74.238],[133.109,74.238]],"c":true},"ix":2},"nm":"Path 1","mn":"ADBE Vector Shape - Group","hd":false},{"ty":"fl","c":{"a":0,"k":[0.925,0.475,0.388000009574,1],"ix":4},"o":{"a":0,"k":100,"ix":5},"r":1,"bm":0,"nm":"Fill 1","mn":"ADBE Vector Graphic - Fill","hd":false},{"ty":"tr","p":{"a":0,"k":[138.826,74.488],"ix":2},"a":{"a":0,"k":[0,0],"ix":1},"s":{"a":0,"k":[100,100],"ix":3},"r":{"a":0,"k":0,"ix":6},"o":{"a":0,"k":100,"ix":7},"sk":{"a":0,"k":0,"ix":4},"sa":{"a":0,"k":0,"ix":5},"nm":"Transform"}],"nm":"Group 1","np":2,"cix":2,"bm":0,"ix":1,"mn":"ADBE Vector Group","hd":false}],"ip":-3,"op":1811,"st":7,"bm":0},{"ddd":0,"ind":6,"ty":4,"nm":"Layer 8 Outlines","sr":1,"ks":{"o":{"a":0,"k":100,"ix":11},"r":{"a":0,"k":0,"ix":10},"p":{"a":0,"k":[254,233.915,0],"ix":2},"a":{"a":0,"k":[121.284,139.077,0],"ix":1},"s":{"a":0,"k":[100,100,100],"ix":6}},"ao":0,"shapes":[{"ty":"gr","it":[{"ind":0,"ty":"sh","ix":1,"ks":{"a":1,"k":[{"i":{"x":0.833,"y":0.833},"o":{"x":0.167,"y":0.167},"t":9,"s":[{"i":[[0,0],[0,0],[0,0],[-2.303,-2.306],[0,0],[-4.607,4.605],[0,0],[-2.966,3.542]],"o":[[0,0],[0,0],[0,3.018],[0,0],[4.608,4.605],[0,0],[2.302,-2.306],[0,0]],"v":[[59.967,77.665],[-56.778,75.774],[-59.903,77.078],[-59.698,78.671],[-8.342,129.356],[8.342,129.356],[56.763,80.688],[60.216,76.844]],"c":true}]},{"i":{"x":0.833,"y":0.833},"o":{"x":0.167,"y":0.167},"t":11,"s":[{"i":[[0,0],[0,0],[0,0],[-2.303,-2.306],[0,0],[-4.607,4.605],[0,0],[-1.341,3.667]],"o":[[0,0],[0,0],[0,3.018],[0,0],[4.608,4.605],[0,0],[2.302,-2.306],[0,0]],"v":[[65.592,65.165],[-65.403,64.024],[-65.653,68.953],[-62.198,76.046],[-8.342,129.356],[8.342,129.356],[56.763,80.688],[65.591,71.344]],"c":true}]},{"i":{"x":0.833,"y":0.833},"o":{"x":0.167,"y":0.167},"t":14,"s":[{"i":[[0,0],[0,0],[0,0],[-2.303,-2.306],[0,0],[-4.607,4.605],[0,0],[0,3.018]],"o":[[0,0],[0,0],[0,3.018],[0,0],[4.608,4.605],[0,0],[2.302,-2.306],[0,0]],"v":[[115.592,11.04],[-115.59,11.04],[-115.591,17.219],[-112.136,25.562],[-8.342,129.356],[8.342,129.356],[112.137,25.562],[115.591,17.219]],"c":true}]},{"t":25,"s":[{"i":[[0,0],[0,0],[0,0],[-2.303,-2.306],[0,0],[-4.607,4.605],[0,0],[0,3.018]],"o":[[0,0],[0,0],[0,3.018],[0,0],[4.608,4.605],[0,0],[2.302,-2.306],[0,0]],"v":[[115.591,-133.96],[-115.591,-133.96],[-115.591,17.219],[-112.136,25.562],[-8.342,129.356],[8.342,129.356],[112.137,25.562],[115.591,17.219]],"c":true}]}],"ix":2},"nm":"Path 1","mn":"ADBE Vector Shape - Group","hd":false},{"ty":"fl","c":{"a":0,"k":[0.993857230392,0.976812923656,0.891685396082,1],"ix":4},"o":{"a":0,"k":100,"ix":5},"r":1,"bm":0,"nm":"Fill 1","mn":"ADBE Vector Graphic - Fill","hd":false},{"ty":"tr","p":{"a":0,"k":[121.283,146.652],"ix":2},"a":{"a":0,"k":[0,0],"ix":1},"s":{"a":0,"k":[100,100],"ix":3},"r":{"a":0,"k":0,"ix":6},"o":{"a":0,"k":100,"ix":7},"sk":{"a":0,"k":0,"ix":4},"sa":{"a":0,"k":0,"ix":5},"nm":"Transform"}],"nm":"Group 2","np":2,"cix":2,"bm":0,"ix":1,"mn":"ADBE Vector Group","hd":false}],"ip":-3,"op":1811,"st":7,"bm":0},{"ddd":0,"ind":7,"ty":4,"nm":"Layer 9 Outlines","sr":1,"ks":{"o":{"a":0,"k":100,"ix":11},"r":{"a":0,"k":0,"ix":10},"p":{"a":0,"k":[254,237.039,0],"ix":2},"a":{"a":0,"k":[149.483,149.482,0],"ix":1},"s":{"a":0,"k":[100,100,100],"ix":6}},"ao":0,"shapes":[{"ty":"gr","it":[{"ind":0,"ty":"sh","ix":1,"ks":{"a":1,"k":[{"i":{"x":0.833,"y":0.833},"o":{"x":0.167,"y":0.167},"t":11,"s":[{"i":[[2.467,0],[3.28,-0.018],[0,0],[0,-2.466],[-1.744,-1.744],[0,0],[-2.466,0],[-1.744,1.743],[0,0],[0,2.465],[1.743,1.743],[0,0]],"o":[[-2.466,0],[0,0],[-1.744,1.743],[0,2.465],[0,0],[1.743,1.741],[2.467,0],[0,0],[1.743,-1.743],[0,-2.466],[0,0],[-2.528,-0.017]],"v":[[-0.064,-6.474],[-6.531,-6.396],[-135.646,-6.526],[-138.351,0.003],[-135.646,6.53],[-6.531,135.647],[-0.001,138.349],[6.528,135.645],[135.646,6.53],[138.35,0.003],[135.646,-6.526],[6.528,-6.396]],"c":true}]},{"t":23,"s":[{"i":[[2.467,0],[1.743,-1.744],[0,0],[0,-2.466],[-1.744,-1.744],[0,0],[-2.466,0],[-1.744,1.743],[0,0],[0,2.465],[1.743,1.743],[0,0]],"o":[[-2.466,0],[0,0],[-1.744,1.743],[0,2.465],[0,0],[1.743,1.741],[2.467,0],[0,0],[1.743,-1.743],[0,-2.466],[0,0],[-1.744,-1.743]],"v":[[-0.001,-138.349],[-6.531,-135.646],[-135.646,-6.526],[-138.351,0.003],[-135.646,6.53],[-6.531,135.647],[-0.001,138.349],[6.528,135.645],[135.646,6.53],[138.35,0.003],[135.646,-6.526],[6.528,-135.646]],"c":true}]}],"ix":2},"nm":"Path 1","mn":"ADBE Vector Shape - Group","hd":false},{"ind":1,"ty":"sh","ix":2,"ks":{"a":1,"k":[{"i":{"x":0.833,"y":0.833},"o":{"x":0.167,"y":0.167},"t":11,"s":[{"i":[[5.372,0],[3.8,3.798],[0,0],[0,5.371],[-3.8,3.798],[0,0],[-5.373,0],[-4.036,-0.009],[0,0],[0,-5.374],[3.799,-3.8],[0,0]],"o":[[-5.373,0],[0,0],[-3.799,-3.8],[0,-5.374],[0,0],[4.35,-0.009],[5.372,0],[0,0],[3.8,3.798],[0,5.371],[0,0],[-3.8,3.8]],"v":[[-0.001,149.232],[-14.226,143.343],[-143.343,14.225],[-149.233,0.003],[-143.342,-14.222],[-14.226,-14.092],[-0.064,-14.107],[14.223,-14.092],[143.342,-14.222],[149.233,0.003],[143.342,14.225],[14.223,143.341]],"c":true}]},{"t":23,"s":[{"i":[[5.372,0],[3.8,3.798],[0,0],[0,5.371],[-3.8,3.798],[0,0],[-5.373,0],[-3.8,-3.798],[0,0],[0,-5.374],[3.799,-3.8],[0,0]],"o":[[-5.373,0],[0,0],[-3.799,-3.8],[0,-5.374],[0,0],[3.8,-3.798],[5.372,0],[0,0],[3.8,3.798],[0,5.371],[0,0],[-3.8,3.8]],"v":[[-0.001,149.232],[-14.226,143.343],[-143.343,14.225],[-149.233,0.003],[-143.342,-14.221],[-14.226,-143.342],[-0.001,-149.232],[14.223,-143.342],[143.342,-14.221],[149.233,0.003],[143.342,14.225],[14.223,143.341]],"c":true}]}],"ix":2},"nm":"Path 2","mn":"ADBE Vector Shape - Group","hd":false},{"ty":"fl","c":{"a":0,"k":[0.156999999402,0.156999999402,0.156999999402,1],"ix":4},"o":{"a":0,"k":100,"ix":5},"r":1,"bm":0,"nm":"Fill 1","mn":"ADBE Vector Graphic - Fill","hd":false},{"ty":"tr","p":{"a":0,"k":[149.483,149.483],"ix":2},"a":{"a":0,"k":[0,0],"ix":1},"s":{"a":0,"k":[100,100],"ix":3},"r":{"a":0,"k":0,"ix":6},"o":{"a":0,"k":100,"ix":7},"sk":{"a":0,"k":0,"ix":4},"sa":{"a":0,"k":0,"ix":5},"nm":"Transform"}],"nm":"Group 1","np":3,"cix":2,"bm":0,"ix":1,"mn":"ADBE Vector Group","hd":false},{"ty":"gr","it":[{"ind":0,"ty":"sh","ix":1,"ks":{"a":1,"k":[{"i":{"x":0.833,"y":0.833},"o":{"x":0.167,"y":0.167},"t":11,"s":[{"i":[[0,0],[5.732,5.729],[0,0],[-5.731,5.728],[0,0],[-11.876,0.142],[0,0],[5.731,-5.732]],"o":[[-5.731,5.729],[0,0],[-5.731,-5.732],[0,0],[8.44,-0.108],[0,0],[5.731,5.728],[0,0]],"v":[[10.376,139.494],[-10.377,139.494],[-139.494,10.378],[-139.494,-10.373],[-10.377,-10.244],[10.376,-10.244],[139.494,-10.373],[139.494,10.378]],"c":true}]},{"t":23,"s":[{"i":[[0,0],[5.732,5.729],[0,0],[-5.731,5.728],[0,0],[-5.731,-5.729],[0,0],[5.731,-5.732]],"o":[[-5.731,5.729],[0,0],[-5.731,-5.732],[0,0],[5.732,-5.729],[0,0],[5.731,5.728],[0,0]],"v":[[10.376,139.494],[-10.377,139.494],[-139.494,10.378],[-139.494,-10.373],[-10.377,-139.494],[10.376,-139.494],[139.494,-10.373],[139.494,10.378]],"c":true}]}],"ix":2},"nm":"Path 1","mn":"ADBE Vector Shape - Group","hd":false},{"ty":"fl","c":{"a":0,"k":[0.976000019148,0.769000004787,0.255000005984,1],"ix":4},"o":{"a":0,"k":100,"ix":5},"r":1,"bm":0,"nm":"Fill 1","mn":"ADBE Vector Graphic - Fill","hd":false},{"ty":"tr","p":{"a":0,"k":[149.483,149.483],"ix":2},"a":{"a":0,"k":[0,0],"ix":1},"s":{"a":0,"k":[100,100],"ix":3},"r":{"a":0,"k":0,"ix":6},"o":{"a":0,"k":100,"ix":7},"sk":{"a":0,"k":0,"ix":4},"sa":{"a":0,"k":0,"ix":5},"nm":"Transform"}],"nm":"Group 2","np":2,"cix":2,"bm":0,"ix":2,"mn":"ADBE Vector Group","hd":false}],"ip":-3,"op":1811,"st":7,"bm":0},{"ddd":0,"ind":8,"ty":4,"nm":"Layer 10 Outlines","sr":1,"ks":{"o":{"a":0,"k":100,"ix":11},"r":{"a":0,"k":0,"ix":10},"p":{"a":0,"k":[254,322.405,0],"ix":2},"a":{"a":0,"k":[152.292,104.095,0],"ix":1},"s":{"a":0,"k":[100,100,100],"ix":6}},"ao":0,"shapes":[{"ty":"gr","it":[{"ind":0,"ty":"sh","ix":1,"ks":{"a":0,"k":{"i":[[0,0],[0,-6.001],[0,0],[-6.001,0],[0,0],[0,6.001],[0,0],[6.001,0]],"o":[[-6.001,0],[0,0],[0,6.001],[0,0],[6.001,0],[0,0],[0,-6.001],[0,0]],"v":[[-130.275,-92.963],[-141.159,-82.079],[-141.159,82.079],[-130.275,92.963],[130.276,92.963],[141.16,82.079],[141.16,-82.079],[130.276,-92.963]],"c":true},"ix":2},"nm":"Path 1","mn":"ADBE Vector Shape - Group","hd":false},{"ind":1,"ty":"sh","ix":2,"ks":{"a":0,"k":{"i":[[12.002,0],[0,0],[0,12.002],[0,0],[-12.002,0],[0,0],[0,-12.002],[0,0]],"o":[[0,0],[-12.002,0],[0,0],[0,-12.002],[0,0],[12.002,0],[0,0],[0,12.002]],"v":[[130.276,103.846],[-130.275,103.846],[-152.042,82.079],[-152.042,-82.079],[-130.275,-103.846],[130.276,-103.846],[152.042,-82.079],[152.042,82.079]],"c":true},"ix":2},"nm":"Path 2","mn":"ADBE Vector Shape - Group","hd":false},{"ty":"fl","c":{"a":0,"k":[0.156999999402,0.156999999402,0.156999999402,1],"ix":4},"o":{"a":0,"k":100,"ix":5},"r":1,"bm":0,"nm":"Fill 1","mn":"ADBE Vector Graphic - Fill","hd":false},{"ty":"tr","p":{"a":0,"k":[152.292,104.096],"ix":2},"a":{"a":0,"k":[0,0],"ix":1},"s":{"a":0,"k":[100,100],"ix":3},"r":{"a":0,"k":0,"ix":6},"o":{"a":0,"k":100,"ix":7},"sk":{"a":0,"k":0,"ix":4},"sa":{"a":0,"k":0,"ix":5},"nm":"Transform"}],"nm":"Group 1","np":3,"cix":2,"bm":0,"ix":1,"mn":"ADBE Vector Group","hd":false},{"ty":"gr","it":[{"ind":0,"ty":"sh","ix":1,"ks":{"a":0,"k":{"i":[[0,0],[9.015,0],[0,0],[0,9.016],[0,0],[-9.016,0],[0,0],[0,-9.017]],"o":[[0,9.016],[0,0],[-9.016,0],[0,0],[0,-9.017],[0,0],[9.015,0],[0,0]],"v":[[146.6,82.078],[130.275,98.404],[-130.276,98.404],[-146.601,82.078],[-146.601,-82.078],[-130.276,-98.404],[130.275,-98.404],[146.6,-82.078]],"c":true},"ix":2},"nm":"Path 1","mn":"ADBE Vector Shape - Group","hd":false},{"ty":"fl","c":{"a":0,"k":[0.925,0.475,0.388000009574,1],"ix":4},"o":{"a":0,"k":100,"ix":5},"r":1,"bm":0,"nm":"Fill 1","mn":"ADBE Vector Graphic - Fill","hd":false},{"ty":"tr","p":{"a":0,"k":[152.293,104.096],"ix":2},"a":{"a":0,"k":[0,0],"ix":1},"s":{"a":0,"k":[100,100],"ix":3},"r":{"a":0,"k":0,"ix":6},"o":{"a":0,"k":100,"ix":7},"sk":{"a":0,"k":0,"ix":4},"sa":{"a":0,"k":0,"ix":5},"nm":"Transform"}],"nm":"Group 2","np":2,"cix":2,"bm":0,"ix":2,"mn":"ADBE Vector Group","hd":false}],"ip":-3,"op":1811,"st":7,"bm":0}],"markers":[]}