{"v":"5.5.9","fr":60,"ip":0,"op":180,"w":86,"h":86,"nm":"Group 370","ddd":0,"assets":[],"layers":[{"ddd":0,"ind":1,"ty":3,"nm":"Null 5","sr":1,"ks":{"o":{"a":0,"k":0,"ix":11},"r":{"a":1,"k":[{"i":{"x":[0.833],"y":[0.833]},"o":{"x":[0.167],"y":[0.167]},"t":80,"s":[0]},{"i":{"x":[0.833],"y":[0.833]},"o":{"x":[0.167],"y":[0.167]},"t":90,"s":[180]},{"i":{"x":[0.833],"y":[0.833]},"o":{"x":[0.167],"y":[0.167]},"t":170,"s":[180]},{"t":180,"s":[360]}],"ix":10},"p":{"a":0,"k":[43,43,0],"ix":2},"a":{"a":0,"k":[50,50,0],"ix":1},"s":{"a":0,"k":[69,69,100],"ix":6}},"ao":0,"ip":0,"op":180,"st":0,"bm":0},{"ddd":0,"ind":2,"ty":4,"nm":"Vector","parent":1,"sr":1,"ks":{"o":{"a":0,"k":100,"ix":11},"r":{"a":0,"k":180,"ix":10},"p":{"a":0,"k":[50.361,50.494,0],"ix":2},"a":{"a":0,"k":[0,0,0],"ix":1},"s":{"a":0,"k":[-144.928,148.278,100],"ix":6}},"ao":0,"shapes":[{"ty":"gr","it":[{"ind":0,"ty":"sh","ix":1,"ks":{"a":0,"k":{"i":[[5.007,-4.208],[0.561,-0.488],[0,-0.665],[-0.533,-0.463],[-0.709,-0.593],[-2.279,-2.571],[0.972,-0.861],[0.862,0.972],[2.288,1.915],[0.616,0.536],[0,2.026],[-1.56,1.357],[-0.694,0.583],[0,3.867],[0,0],[1.297,0],[0,0],[0,-1.297],[0,0],[-3.81,-3.202],[-0.591,-0.514],[0,-2.026],[1.56,-1.357],[0.694,-0.583],[0,-3.867],[0,0],[-1.297,0],[0,0],[0,1.297],[-1.299,0],[0,-1.299],[3.891,0],[0,0],[0,3.89],[0,0],[-5.007,4.208],[-0.561,0.488],[0,0.665],[0.533,0.463],[0.679,0.57],[0,6.057],[0,0],[-3.891,0],[0,0],[0,-3.89],[0,0]],"o":[[-0.679,0.57],[-0.533,0.463],[0,0.665],[0.582,0.506],[2.295,1.92],[0.862,0.972],[-0.972,0.861],[-2.047,-2.309],[-0.727,-0.608],[-1.56,-1.357],[0,-2.026],[0.591,-0.514],[3.81,-3.202],[0,0],[0,-1.297],[0,0],[-1.297,0],[0,0],[0,3.867],[0.694,0.584],[1.56,1.357],[0,2.026],[-0.591,0.514],[-3.81,3.202],[0,0],[0,1.297],[0,0],[1.297,0],[0,-1.299],[1.299,0],[0,3.89],[0,0],[-3.891,0],[0,0],[0,-6.057],[0.679,-0.57],[0.533,-0.463],[0,-0.665],[-0.561,-0.488],[-5.007,-4.208],[0,0],[0,-3.89],[0,0],[3.891,0],[0,0],[0,6.057]],"v":[[11.069,-3.372],[9.188,-1.775],[8.35,0],[9.188,1.775],[11.148,3.434],[18.578,10.316],[18.378,13.635],[15.058,13.435],[8.129,7.041],[6.101,5.323],[3.646,0],[6.1,-5.323],[8.042,-6.972],[18.229,-19.4],[18.229,-23.045],[15.877,-25.397],[-15.877,-25.397],[-18.229,-23.045],[-18.229,-19.4],[-8.042,-6.972],[-6.101,-5.323],[-3.646,0],[-6.101,5.323],[-8.042,6.972],[-18.229,19.4],[-18.229,23.045],[-15.877,25.397],[15.877,25.397],[18.229,23.045],[20.581,20.694],[22.933,23.045],[15.877,30.1],[-15.877,30.1],[-22.933,23.045],[-22.933,19.4],[-11.069,3.372],[-9.188,1.775],[-8.35,0],[-9.188,-1.775],[-11.069,-3.372],[-22.933,-19.4],[-22.933,-23.045],[-15.877,-30.1],[15.877,-30.1],[22.933,-23.045],[22.933,-19.4]],"c":true},"ix":2},"nm":"Path 1","mn":"ADBE Vector Shape - Group","hd":false},{"ty":"fl","c":{"a":0,"k":[1,1,1,1],"ix":4},"o":{"a":0,"k":100,"ix":5},"r":1,"bm":0,"nm":"Fill 1","mn":"ADBE Vector Graphic - Fill","hd":false},{"ty":"tr","p":{"a":0,"k":[0,0],"ix":2},"a":{"a":0,"k":[0,0],"ix":1},"s":{"a":0,"k":[100,100],"ix":3},"r":{"a":0,"k":0,"ix":6},"o":{"a":0,"k":100,"ix":7},"sk":{"a":0,"k":0,"ix":4},"sa":{"a":0,"k":0,"ix":5},"nm":"Transform"}],"nm":"Vector","np":2,"cix":2,"bm":0,"ix":1,"mn":"ADBE Vector Group","hd":false}],"ip":0,"op":180,"st":0,"bm":0},{"ddd":0,"ind":3,"ty":4,"nm":"Shape Layer 2","parent":1,"sr":1,"ks":{"o":{"a":1,"k":[{"i":{"x":[0.833],"y":[0.833]},"o":{"x":[0.167],"y":[0.167]},"t":0,"s":[100]},{"i":{"x":[0.833],"y":[0.833]},"o":{"x":[0.167],"y":[0.167]},"t":80,"s":[100]},{"i":{"x":[0.833],"y":[0.833]},"o":{"x":[0.167],"y":[0.167]},"t":81,"s":[0]},{"i":{"x":[0.833],"y":[0.833]},"o":{"x":[0.167],"y":[0.167]},"t":89,"s":[0]},{"t":90,"s":[100]}],"ix":11},"r":{"a":0,"k":0,"ix":10},"p":{"a":1,"k":[{"i":{"x":0.833,"y":0.833},"o":{"x":0.167,"y":0.167},"t":0,"s":[50.172,72.849,0],"to":[0,-3.5,0],"ti":[0,0.333,0]},{"i":{"x":0.833,"y":0.833},"o":{"x":0.167,"y":0.167},"t":80,"s":[50.172,51.849,0],"to":[0,-0.289,0],"ti":[0,-5.3,0]},{"i":{"x":0.833,"y":0.833},"o":{"x":0.167,"y":0.167},"t":90,"s":[50.172,94.8,0],"to":[0,0.82,0],"ti":[0,-0.424,0]},{"i":{"x":0.833,"y":0.833},"o":{"x":0.167,"y":0.167},"t":170,"s":[50.172,72.849,0],"to":[0,3.167,0],"ti":[0,0,0]},{"t":180,"s":[50.172,72.849,0]}],"ix":2},"a":{"a":0,"k":[1.816,-0.031,0],"ix":1},"s":{"a":0,"k":[104.236,212.207,100],"ix":6}},"ao":0,"shapes":[{"ty":"gr","it":[{"ty":"rc","d":1,"s":{"a":0,"k":[36.133,10.438],"ix":2},"p":{"a":0,"k":[0,0],"ix":3},"r":{"a":0,"k":0,"ix":4},"nm":"Rectangle Path 1","mn":"ADBE Vector Shape - Rect","hd":false},{"ty":"fl","c":{"a":0,"k":[1,0.5333333333333333,0.18823529411764706,1],"ix":4},"o":{"a":0,"k":100,"ix":5},"r":1,"bm":0,"nm":"Fill 1","mn":"ADBE Vector Graphic - Fill","hd":false},{"ty":"tr","p":{"a":0,"k":[1.816,-0.031],"ix":2},"a":{"a":0,"k":[0,0],"ix":1},"s":{"a":0,"k":[100,100],"ix":3},"r":{"a":0,"k":0,"ix":6},"o":{"a":0,"k":100,"ix":7},"sk":{"a":0,"k":0,"ix":4},"sa":{"a":0,"k":0,"ix":5},"nm":"Transform"}],"nm":"Rectangle 1","np":3,"cix":2,"bm":0,"ix":1,"mn":"ADBE Vector Group","hd":false}],"ip":0,"op":180,"st":0,"bm":0},{"ddd":0,"ind":4,"ty":4,"nm":"Shape Layer 1","parent":1,"sr":1,"ks":{"o":{"a":1,"k":[{"i":{"x":[0.833],"y":[0.833]},"o":{"x":[0.167],"y":[0.167]},"t":90,"s":[100]},{"i":{"x":[0.833],"y":[0.833]},"o":{"x":[0.167],"y":[0.167]},"t":170,"s":[100]},{"i":{"x":[0.833],"y":[0.833]},"o":{"x":[0.167],"y":[0.167]},"t":171,"s":[0]},{"i":{"x":[0.833],"y":[0.833]},"o":{"x":[0.167],"y":[0.167]},"t":179,"s":[0]},{"t":180,"s":[100]}],"ix":11},"r":{"a":0,"k":0,"ix":10},"p":{"a":1,"k":[{"i":{"x":0.833,"y":0.833},"o":{"x":0.167,"y":0.167},"t":0,"s":[49.448,8.28,0],"to":[0,3.667,0],"ti":[0,-3.5,0]},{"i":{"x":0.833,"y":0.833},"o":{"x":0.167,"y":0.167},"t":80,"s":[49.448,30.28,0],"to":[0,3.5,0],"ti":[0,-3.333,0]},{"i":{"x":0.833,"y":0.833},"o":{"x":0.167,"y":0.167},"t":90,"s":[49.448,29.28,0],"to":[0,3.333,0],"ti":[0,-0.333,0]},{"i":{"x":0.833,"y":0.833},"o":{"x":0.167,"y":0.167},"t":170,"s":[49.448,50.28,0],"to":[0,0.121,0],"ti":[0,2.958,0]},{"t":180,"s":[49.448,8.3,0]}],"ix":2},"a":{"a":0,"k":[1.816,-0.031,0],"ix":1},"s":{"a":0,"k":[104.236,212.207,100],"ix":6}},"ao":0,"shapes":[{"ty":"gr","it":[{"ty":"rc","d":1,"s":{"a":0,"k":[36.133,10.438],"ix":2},"p":{"a":0,"k":[0,0],"ix":3},"r":{"a":0,"k":0,"ix":4},"nm":"Rectangle Path 1","mn":"ADBE Vector Shape - Rect","hd":false},{"ty":"fl","c":{"a":0,"k":[1,0.5333333333333333,0.18823529411764706,1],"ix":4},"o":{"a":0,"k":100,"ix":5},"r":1,"bm":0,"nm":"Fill 1","mn":"ADBE Vector Graphic - Fill","hd":false},{"ty":"tr","p":{"a":0,"k":[1.816,-0.031],"ix":2},"a":{"a":0,"k":[0,0],"ix":1},"s":{"a":0,"k":[100,100],"ix":3},"r":{"a":0,"k":0,"ix":6},"o":{"a":0,"k":100,"ix":7},"sk":{"a":0,"k":0,"ix":4},"sa":{"a":0,"k":0,"ix":5},"nm":"Transform"}],"nm":"Rectangle 1","np":3,"cix":2,"bm":0,"ix":1,"mn":"ADBE Vector Group","hd":false}],"ip":0,"op":180,"st":0,"bm":0},{"ddd":0,"ind":5,"ty":4,"nm":"Vector atas 2","parent":1,"sr":1,"ks":{"o":{"a":0,"k":100,"ix":11},"r":{"a":0,"k":0,"ix":10},"p":{"a":0,"k":[50.36,73.334,0],"ix":2},"a":{"a":0,"k":[0,0,0],"ix":1},"s":{"a":0,"k":[-144.928,148.278,100],"ix":6}},"ao":0,"shapes":[{"ty":"gr","it":[{"ind":0,"ty":"sh","ix":1,"ks":{"a":0,"k":{"i":[[-0.087,0.074],[-1.402,-1.202],[-1.789,-1.912],[-0.02,-0.021],[1.748,0],[0,0],[-1.19,1.28],[-0.02,0.021]],"o":[[1.402,-1.202],[0.087,0.074],[0.02,0.021],[1.19,1.28],[0,0],[-1.748,0],[0.019,-0.021],[1.789,-1.912]],"v":[[-2.436,-5.095],[2.436,-5.095],[11.046,2.573],[11.105,2.636],[9.634,5.997],[-9.634,5.997],[-11.105,2.636],[-11.046,2.573]],"c":true},"ix":2},"nm":"Path 1","mn":"ADBE Vector Shape - Group","hd":false},{"ty":"fl","c":{"a":0,"k":[1,1,1,1],"ix":4},"o":{"a":0,"k":100,"ix":5},"r":1,"bm":0,"nm":"Fill 1","mn":"ADBE Vector Graphic - Fill","hd":false},{"ty":"tr","p":{"a":0,"k":[0,0],"ix":2},"a":{"a":0,"k":[0,0],"ix":1},"s":{"a":0,"k":[100,100],"ix":3},"r":{"a":0,"k":0,"ix":6},"o":{"a":0,"k":100,"ix":7},"sk":{"a":0,"k":0,"ix":4},"sa":{"a":0,"k":0,"ix":5},"nm":"Transform"}],"nm":"Vector","np":2,"cix":2,"bm":0,"ix":1,"mn":"ADBE Vector Group","hd":false}],"ip":0,"op":180,"st":0,"bm":0},{"ddd":0,"ind":6,"ty":4,"nm":"Vector atas","parent":1,"sr":1,"ks":{"o":{"a":0,"k":100,"ix":11},"r":{"a":0,"k":180,"ix":10},"p":{"a":0,"k":[50.36,29.221,0],"ix":2},"a":{"a":0,"k":[0,0,0],"ix":1},"s":{"a":0,"k":[-144.928,148.278,100],"ix":6}},"ao":0,"shapes":[{"ty":"gr","it":[{"ind":0,"ty":"sh","ix":1,"ks":{"a":0,"k":{"i":[[-0.087,0.074],[-1.402,-1.202],[-1.789,-1.912],[-0.02,-0.021],[1.748,0],[0,0],[-1.19,1.28],[-0.02,0.021]],"o":[[1.402,-1.202],[0.087,0.074],[0.02,0.021],[1.19,1.28],[0,0],[-1.748,0],[0.019,-0.021],[1.789,-1.912]],"v":[[-2.436,-5.095],[2.436,-5.095],[11.046,2.573],[11.105,2.636],[9.634,5.997],[-9.634,5.997],[-11.105,2.636],[-11.046,2.573]],"c":true},"ix":2},"nm":"Path 1","mn":"ADBE Vector Shape - Group","hd":false},{"ty":"fl","c":{"a":0,"k":[1,1,1,1],"ix":4},"o":{"a":0,"k":100,"ix":5},"r":1,"bm":0,"nm":"Fill 1","mn":"ADBE Vector Graphic - Fill","hd":false},{"ty":"tr","p":{"a":0,"k":[0,0],"ix":2},"a":{"a":0,"k":[0,0],"ix":1},"s":{"a":0,"k":[100,100],"ix":3},"r":{"a":0,"k":0,"ix":6},"o":{"a":0,"k":100,"ix":7},"sk":{"a":0,"k":0,"ix":4},"sa":{"a":0,"k":0,"ix":5},"nm":"Transform"}],"nm":"Vector","np":2,"cix":2,"bm":0,"ix":1,"mn":"ADBE Vector Group","hd":false}],"ip":0,"op":180,"st":0,"bm":0},{"ddd":0,"ind":7,"ty":4,"nm":"Ellipse 28","sr":1,"ks":{"o":{"a":0,"k":100,"ix":11},"r":{"a":0,"k":0,"ix":10},"p":{"a":0,"k":[43,43,0],"ix":2},"a":{"a":0,"k":[0,0,0],"ix":1},"s":{"a":0,"k":[100,100,100],"ix":6}},"ao":0,"shapes":[{"ty":"gr","it":[{"d":1,"ty":"el","s":{"a":0,"k":[86,86],"ix":2},"p":{"a":0,"k":[0,0],"ix":3},"nm":"Ellipse Path 1","mn":"ADBE Vector Shape - Ellipse","hd":false},{"ty":"fl","c":{"a":0,"k":[1,0.5333333333333333,0.18823529411764706,1],"ix":4},"o":{"a":0,"k":100,"ix":5},"r":1,"bm":0,"nm":"Fill 1","mn":"ADBE Vector Graphic - Fill","hd":false},{"ty":"tr","p":{"a":0,"k":[0,0],"ix":2},"a":{"a":0,"k":[0,0],"ix":1},"s":{"a":0,"k":[100,100],"ix":3},"r":{"a":0,"k":0,"ix":6},"o":{"a":0,"k":100,"ix":7},"sk":{"a":0,"k":0,"ix":4},"sa":{"a":0,"k":0,"ix":5},"nm":"Transform"}],"nm":"Ellipse 28","np":2,"cix":2,"bm":0,"ix":1,"mn":"ADBE Vector Group","hd":false}],"ip":0,"op":180,"st":0,"bm":0}],"markers":[]}